date,open,high,low,close,volume,amount,prevclose,postVol,postAmt
2025-08-18,1.487,1.506,1.486,1.493,1799356330,2691346230,,,
2025-08-19,1.487,1.497,1.479,1.488,1419615099,2112021226,,,
2025-08-20,1.474,1.485,1.47,1.484,1454534712,2148277623,,,
2025-08-21,1.479,1.481,1.465,1.468,1179493866,1738641589,,,
2025-08-22,1.483,1.496,1.478,1.489,1481248861,2205058504,,,
2025-08-25,1.52,1.557,1.52,1.552,2331742361,3593488906,,,
2025-08-26,1.532,1.545,1.53,1.531,1237903700,1904115341,,,
2025-08-27,1.53,1.536,1.501,1.504,1777824707,2708554172,,,
2025-08-28,1.49,1.491,1.469,1.481,1741432942,2577247936,,,
2025-08-29,1.485,1.49,1.473,1.484,1835722722,2720849056,,,
2025-09-01,1.536,1.547,1.529,1.542,2353702602,3622761450,,,
2025-09-02,1.545,1.553,1.529,1.538,1637830737,2522095627,,,
2025-09-03,1.55,1.557,1.519,1.523,1368855489,2102459953,,,
2025-09-04,1.536,1.539,1.504,1.506,1431389369,2171935656,,,
2025-09-05,1.511,1.537,1.508,1.537,1130311186,1719225157,,,
2025-09-08,1.54,1.575,1.539,1.572,2063743787,3215351377,,,
2025-09-09,1.576,1.6,1.573,1.586,1937895901,3073725850,,,
2025-09-10,1.608,1.635,1.605,1.612,2501682276,4054951494,,,
2025-09-11,1.595,1.616,1.584,1.615,2020354020,3233542162,,,
2025-09-12,1.66,1.667,1.641,1.642,2270453010,3752545665,,,
2025-09-15,1.639,1.668,1.636,1.65,1858514556,3076779596,,,
2025-09-16,1.661,1.674,1.65,1.67,1753537284,2916095409,,,
2025-09-17,1.684,1.726,1.68,1.723,2360334038,4026524721,,,
2025-09-18,1.725,1.753,1.669,1.686,4118564687,7061956997,,,
2025-09-19,1.694,1.708,1.675,1.686,2267176068,3836823470,,,
2025-09-22,1.679,1.691,1.67,1.675,1831450484,3074064171,,,
2025-09-23,1.68,1.682,1.642,1.656,1852538569,3074926791,,,
2025-09-24,1.648,1.724,1.646,1.72,3128981366,5297456886,,,
2025-09-25,1.738,1.752,1.718,1.733,2648406395,4601504326,,,
2025-09-26,1.711,1.725,1.701,1.701,1786260226,3058543235,,,
2025-09-29,1.702,1.733,1.702,1.732,2337119952,4024588862,,,
2025-09-30,1.741,1.756,1.727,1.755,2288065277,3982857718,,,
2025-10-09,1.762,1.768,1.73,1.742,2946446205,5163180475,,,
2025-10-10,1.719,1.722,1.68,1.687,2322369473,3955532206,,,
2025-10-13,1.619,1.661,1.608,1.636,3414053131,5577442825,,,
2025-10-14,1.655,1.665,1.594,1.599,3124723360,5097398414,,,
2025-10-15,1.62,1.642,1.605,1.639,2230376306,3624601598,,,
2025-10-16,1.633,1.642,1.607,1.617,1688250499,2740830035,,,
2025-10-17,1.614,1.615,1.571,1.573,1642974686,2612517665,,,
2025-10-20,1.614,1.632,1.611,1.621,1988153562,3223584066,,,
2025-10-21,1.658,1.668,1.646,1.65,1668346839,2763961484,,,
2025-10-22,1.628,1.631,1.609,1.62,1417437484,2297417271,,,
2025-10-23,1.611,1.652,1.602,1.646,2021841442,3282818450,,,
2025-10-24,1.664,1.669,1.649,1.656,1535023653,2544820114,,,
2025-10-27,1.685,1.694,1.675,1.694,1617079069,2725828866,,,
2025-10-28,1.696,1.697,1.667,1.668,1560094637,2620691930,,,
2025-10-29,1.681,1.691,1.675,1.689,966564290,1625937794,,,
2025-10-30,1.684,1.698,1.657,1.661,2189785876,3670173294,,,
2025-10-31,1.661,1.668,1.635,1.636,1401088199,2313899778,,,
2025-11-03,1.638,1.643,1.619,1.638,1440308022,2351756042,,,
2025-11-04,1.635,1.646,1.608,1.614,1472384165,2397902461,,,
2025-11-05,1.59,1.611,1.576,1.605,1958952463,3118047078,,,
2025-11-06,1.616,1.641,1.614,1.639,1328731702,2164504331,,,
2025-11-07,1.625,1.63,1.606,1.61,1233663929,1994760468,,,
2025-11-10,1.625,1.641,1.62,1.639,1298340017,2115257305,,,
2025-11-11,1.65,1.65,1.62,1.628,1017012568,1659451359,,,
2025-11-12,1.628,1.643,1.625,1.634,1037563179,1694504907,,,
2025-11-13,1.621,1.662,1.611,1.652,1604412125,2612997521,,,
2025-11-14,1.62,1.626,1.603,1.604,1712856000,2764055608,,,
2025-11-17,1.587,1.6,1.576,1.58,1468254176,2330816079,,,
2025-11-18,1.571,1.593,1.558,1.559,1652278027,2599865843,,,
2025-11-19,1.566,1.571,1.544,1.55,1266877885,1973396690,,,
2025-11-20,1.563,1.566,1.534,1.537,1356639067,2096603265,,,
2025-11-21,1.51,1.515,1.492,1.503,2339099577,3520667232,,,
2025-11-24,1.516,1.546,1.506,1.54,2171310186,3324680856,,,
2025-11-25,1.563,1.574,1.539,1.543,2026634796,3160438334,,,
2025-11-26,1.548,1.562,1.543,1.547,1241752763,1926294716,,,
2025-11-27,1.541,1.551,1.528,1.53,1405816176,2162210198,,,
2025-11-28,1.533,1.541,1.526,1.535,1090863819,1672421985,,,
2025-12-01,1.535,1.554,1.532,1.545,1568138568,2421299085,,,
2025-12-02,1.565,1.569,1.542,1.544,1182171399,1836203880,,,
2025-12-03,1.54,1.541,1.523,1.526,1127018335,1724526525,,,
2025-12-04,1.524,1.536,1.519,1.533,1371348960,2093606621,,,
2025-12-05,1.525,1.547,1.521,1.546,1242794765,1905714756,,,
2025-12-08,1.548,1.552,1.536,1.538,1273035000,1962191444,,,
2025-12-09,1.543,1.545,1.511,1.518,1151853741,1756343845,,,
2025-12-10,1.512,1.524,1.503,1.523,1215630985,1840225986,,,
2025-12-11,1.533,1.536,1.51,1.512,999180554,1521113770,,,
2025-12-12,1.522,1.533,1.514,1.531,1176715486,1794263383,,,
2025-12-15,1.514,1.517,1.506,1.507,952965800,1439907974,,,
2025-12-16,1.5,1.502,1.465,1.472,1336969301,1974657939,,,
2025-12-17,1.473,1.491,1.469,1.486,1255088760,1856979967,,,
2025-12-18,1.468,1.481,1.464,1.471,950853300,1399233115,,,
2025-12-19,1.485,1.496,1.479,1.491,1270641749,1890667466,,,
2025-12-22,1.499,1.506,1.489,1.492,930397300,1392729760,,,
2025-12-23,1.498,1.499,1.482,1.486,810662512,1208423840,,,
2025-12-24,1.483,1.491,1.481,1.483,604578100,897689081,,,
2025-12-25,1.481,1.487,1.48,1.485,297462900,441045449,,,
2025-12-26,1.484,1.493,1.484,1.491,494239156,735472930,,,
2025-12-29,1.492,1.502,1.47,1.471,1206798659,1796005314,,,
2025-12-30,1.468,1.485,1.467,1.483,987862336,1458430945,,,
2025-12-31,1.474,1.474,1.465,1.467,681689463,1000988486,,,
2026-01-05,1.508,1.531,1.505,1.528,2017810392,3071291633,,,
2026-01-06,1.534,1.551,1.533,1.543,1238517566,1912406965,,,
2026-01-07,1.532,1.532,1.511,1.519,1265724900,1923929454,,,
2026-01-08,1.511,1.512,1.489,1.492,1295146562,1942406302,,,
2026-01-09,1.503,1.512,1.496,1.502,1156027857,1737848579,,,
2026-01-12,1.505,1.544,1.5,1.539,1895614383,2892428983,,,
2026-01-13,1.58,1.584,1.542,1.547,1942950015,3036343328,,,
2026-01-14,1.561,1.579,1.556,1.571,2149182800,3367951194,,,
2026-01-15,1.56,1.565,1.534,1.539,1679362336,2596508486,,,
2026-01-16,1.55,1.553,1.523,1.525,1419612414,2179262565,,,
2026-01-19,1.513,1.52,1.509,1.513,821515989,1243437309,,,
2026-01-20,1.507,1.513,1.491,1.496,1433848156,2151749978,,,
2026-01-21,1.487,1.507,1.486,1.502,1159487197,1737656697,,,
2026-01-22,1.514,1.518,1.499,1.505,893959220,1346619505,,,
2026-01-23,1.523,1.53,1.517,1.52,1366835163,2080651192,,,
2026-01-26,1.52,1.524,1.502,1.508,1009929368,1523473867,,,
2026-01-27,1.515,1.53,1.504,1.53,1334959190,2028462296,,,
2026-01-28,1.535,1.556,1.527,1.553,1470279047,2268766189,,,
2026-01-29,1.534,1.557,1.532,1.545,1272776384,1967879088,,,
2026-01-30,1.533,1.538,1.52,1.522,1064853156,1625397154,,,
2026-02-02,1.496,1.506,1.47,1.471,2023863682,3010512605,,,
2026-02-03,1.488,1.494,1.422,1.463,2345169223,3408797025,,,
2026-02-04,1.441,1.445,1.421,1.436,2014824433,2888728317,,,
2026-02-05,1.418,1.424,1.397,1.422,2696943087,3794549209,,,
2026-02-06,1.394,1.417,1.392,1.404,1866635774,2627660794,,,
2026-02-09,1.431,1.434,1.419,1.431,1598599706,2280066332,,,
2026-02-10,1.432,1.446,1.422,1.424,1332384399,1910092926,,,
2026-02-11,1.423,1.434,1.422,1.425,1097515100,1566739596,,,
2026-02-12,1.416,1.417,1.389,1.395,2097456376,2930762500,,,
2026-02-13,1.371,1.38,1.366,1.378,1910655086,2622132452,,,
2026-02-24,1.366,1.366,1.336,1.337,1705841885,2292603166,,,
2026-02-25,1.342,1.347,1.334,1.337,1383558798,1855831426,,,
2026-02-26,1.336,1.339,1.299,1.303,2085624268,2736524337,,,
2026-02-27,1.297,1.322,1.296,1.312,1901796992,2488636724,,,
2026-03-02,1.283,1.298,1.265,1.268,2397087251,3057775846,,,
2026-03-03,1.277,1.285,1.254,1.259,2883576971,3659999630,,,
2026-03-04,1.241,1.258,1.224,1.227,3855941144,4769302556,,,
2026-03-05,1.245,1.248,1.215,1.222,2946782329,3636325540,,,
2026-03-06,1.221,1.264,1.221,1.263,2696989495,3369405736,,,
2026-03-09,1.231,1.255,1.221,1.248,2615719174,3238004834,,,
2026-03-10,1.271,1.297,1.267,1.293,2914269830,3735272631,,,
2026-03-11,1.311,1.315,1.286,1.29,2129712022,2770441785,,,
2026-03-12,1.283,1.296,1.267,1.276,1557094855,1991711576,,,
2026-03-13,1.271,1.297,1.271,1.284,1760731395,2265838972,,,
2026-03-16,1.292,1.315,1.279,1.314,2364805446,3077012092,,,
2026-03-17,1.32,1.329,1.303,1.305,1912420471,2522032649,,,
2026-03-18,1.304,1.316,1.287,1.311,2198874576,2860482474,,,
2026-03-19,1.276,1.28,1.259,1.261,2322852524,2952693458,,,
2026-03-20,1.24,1.246,1.218,1.218,2684552719,3310714051,,,
2026-03-23,1.196,1.203,1.172,1.175,2610376174,3104963916,,,
2026-03-24,1.195,1.209,1.183,1.207,2588190357,3091374548,,,
2026-03-25,1.222,1.245,1.204,1.227,4150917162,5079697059,,,
2026-03-26,1.229,1.235,1.207,1.209,1743276152,2127212479,,,
2026-03-27,1.198,1.219,1.195,1.211,2342527656,2829547079,,,
2026-03-30,1.18,1.192,1.173,1.187,2289399679,2708021297,,,
2026-03-31,1.189,1.194,1.168,1.175,2333928200,2754659907,,,
2026-04-01,1.205,1.208,1.191,1.203,2097097803,2513858827,,,
2026-04-02,1.187,1.188,1.17,1.171,1723028413,2026731673,,,
2026-04-03,1.175,1.179,1.164,1.164,554875600,649534991,,,
2026-04-07,1.168,1.177,1.167,1.171,537183011,630233380,,,
2026-04-08,1.202,1.224,1.196,1.222,3062585403,3700655972,,,
2026-04-09,1.207,1.215,1.203,1.21,1425297355,1722356686,,,
2026-04-10,1.218,1.227,1.207,1.208,2043277399,2486745171,,,
2026-04-13,1.196,1.198,1.184,1.185,1280087121,1522709715,,,
2026-04-14,1.2,1.204,1.184,1.195,1382780704,1651854181,,,
2026-04-15,1.217,1.231,1.212,1.216,2034776956,2484041151,,,
2026-04-16,1.234,1.26,1.233,1.257,2050744799,2554052572,,,
2026-04-17,1.249,1.262,1.246,1.251,1380962331,1730973838,,,
2026-04-20,1.253,1.273,1.247,1.267,1810415578,2287275267,,,
2026-04-21,1.27,1.273,1.253,1.26,1237815548,1560859691,,,
2026-04-22,1.244,1.244,1.225,1.232,1691585031,2083177381,,,
2026-04-23,1.232,1.233,1.212,1.217,1518693000,1849389070,,,
2026-04-24,1.203,1.218,1.195,1.213,1760252224,2123113428,,,
2026-04-27,1.212,1.216,1.198,1.201,1376478450,1660354889,,,
2026-04-28,1.193,1.203,1.177,1.181,1374139957,1633099965,,,
2026-04-29,1.192,1.199,1.186,1.194,1414756432,1688801963,,,
2026-04-30,1.184,1.188,1.173,1.181,1503390804,1773276911,,,
2026-05-06,1.197,1.214,1.189,1.201,1954591996,2347905388,,,
2026-05-07,1.23,1.241,1.23,1.236,2053139565,2535528568,,,
2026-05-08,1.226,1.238,1.222,1.237,1197402829,1469083274,,,
2026-05-11,1.221,1.222,1.207,1.214,1991150145,2413477968,,,
2026-05-12,1.211,1.224,1.202,1.203,1731465268,2099348763,,,
2026-05-13,1.199,1.216,1.191,1.207,1992262486,2398150706,,,
2026-05-14,1.254,1.259,1.219,1.219,3257124415,4031551048,,,
2026-05-15,1.215,1.217,1.182,1.19,2174134900,2602769854,,,
2026-05-18,1.183,1.193,1.172,1.179,1875488423,2213885343,,,
2026-05-19,1.175,1.204,1.175,1.198,1938271551,2314060149,,,
2026-05-20,1.191,1.201,1.181,1.187,1406997628,1670166880,,,
2026-05-21,1.194,1.194,1.15,1.151,2614671838,3056956527,,,
2026-05-22,1.161,1.162,1.147,1.154,1489810307,1721308994,,,
2026-05-25,1.138,1.145,1.137,1.141,943981074,1077444566,,,
2026-05-26,1.141,1.149,1.124,1.146,1900373901,2165159362,,,
2026-05-27,1.144,1.152,1.125,1.126,1329292783,1509563961,,,
2026-05-28,1.117,1.117,1.084,1.097,2087970052,2287968556,,,
2026-05-29,1.102,1.119,1.088,1.101,2199975589,2420066476,,,
2026-06-01,1.102,1.122,1.102,1.118,1784510147,1989878011,,,
2026-06-02,1.123,1.189,1.123,1.183,3811775655,4431834965,,,
2026-06-03,1.18,1.18,1.151,1.154,2559837109,2970577097,,,
2026-06-04,1.142,1.152,1.129,1.134,1348595111,1532901107,,,
2026-06-05,1.136,1.148,1.12,1.129,1474120777,1671202990,,,
2026-06-08,1.101,1.116,1.095,1.097,1625672868,1793562864,,,
2026-06-09,1.097,1.117,1.092,1.108,2101207936,2327458703,,,
2026-06-10,1.1,1.106,1.088,1.102,1667659541,1829559785,,,
2026-06-11,1.101,1.111,1.07,1.074,2083005168,2255090227,,,
2026-06-12,1.086,1.096,1.081,1.082,1797282656,1955056091,,,
2026-06-15,1.1,1.105,1.082,1.086,1417303196,1544497857,,,
2026-06-16,1.087,1.089,1.058,1.06,1518174033,1621537153,,,
2026-06-17,1.059,1.067,1.051,1.056,1352823918,1433330023,,,
2026-06-18,1.048,1.051,1.028,1.031,1682537698,1744540346,,,
2026-06-22,1.028,1.029,1.013,1.029,2092842990,2135345142,,,
2026-06-23,1.024,1.025,0.988,0.99,2227694735,2236311817,,,
2026-06-24,0.993,1.019,0.984,1.002,2971518697,2966822878,,,
2026-06-25,0.993,0.994,0.969,0.972,2298255630,2244145731,,,
2026-06-26,0.96,0.962,0.938,0.941,2148819616,2038168379,,,
2026-06-29,0.957,0.988,0.956,0.976,2673197110,2602049736,,,
2026-06-30,0.978,0.986,0.964,0.979,1867751719,1819865870,,,
2026-07-01,0.98,0.986,0.977,0.984,760013580,745795222,,,
2026-07-02,1.005,1.024,0.997,0.999,2870281780,2901884570,,,
2026-07-03,1.002,1.023,1.002,1.009,1744129333,1764285506,,,
2026-07-06,1.009,1.036,0.991,1.026,2568577008,2622111668,,377900.0,387725.0
2026-07-07,1.031,1.072,1.03,1.038,3511454320,3690824268,,562500.0,583875.0
2026-07-08,1.043,1.107,1.041,1.092,4645559067,5001909576,,1460300.0,1594648.0
2026-07-09,1.106,1.125,1.081,1.088,4283225100,4716411695,,330000.0,359040.0
2026-07-10,1.096,1.111,1.08,1.092,2755680671,3022031490,,514100.0,561397.0
2026-07-13,1.088,1.115,1.084,1.085,3284843716,3609526314,,759300.0,823841.0
2026-07-14,1.084,1.092,1.061,1.085,2628523141,2830361424,,2054200.0,2228807.0
2026-07-15,1.09,1.127,1.075,1.12,4535091688,5017385767,,1162700.0,1302224.0
2026-07-16,1.136,1.162,1.134,1.145,3647062358,4186472365,,963500.0,1103208.0
2026-07-17,1.146,1.155,1.089,1.097,4139617732,4602456754,,606600.0,665440.0
2026-07-20,1.116,1.14,1.115,1.137,3174908978,3593270230,,223500.0,254120.0
2026-07-21,1.144,1.152,1.124,1.132,3201519837,3631002770,,1195800.0,1353646.0
2026-07-22,1.114,1.116,1.081,1.082,3171700470,3474004416,,1113800.0,1205132.0
2026-07-23,1.08,1.1,1.072,1.095,2108890122,2300846944,,514300.0,563159.0
2026-07-24,1.075,1.08,1.061,1.063,1945986453,2077579555,,580000.0,616540.0
2026-07-27,1.07,1.093,1.07,1.09,1897644728,2054908344,,1576300.0,1718167.0
2026-07-28,1.101,1.114,1.09,1.098,2314282106,2546773992,,1556900.0,1709476.0
2026-07-29,1.114,1.142,1.112,1.133,2773934981,3127953968,,757600.0,858361.0
2026-07-30,1.134,1.149,1.12,1.139,2656761047,3006981234,,1294100.0,1473980.0
2026-07-31,1.131,1.159,1.121,1.145,3252703971,3712994217,,899700.0,1030157.0
2026-08-03,1.162,1.185,1.162,1.18,3091924249,3636708293,,2647000.0,3123460.0
2026-08-04,1.189,1.201,1.171,1.178,3519364093,4155241352,,1458100.0,1717642.0
2026-08-05,1.189,1.199,1.173,1.189,2877189437,3419224606,,1324700.0,1575068.0
2026-08-06,1.175,1.18,1.16,1.161,1841105534,2148754518,,1044800.0,1213013.0
2026-08-07,1.162,1.167,1.151,1.16,1776037223,2057625745,,1070500.0,1241780.0
2026-08-10,1.167,1.18,1.164,1.175,1897083637,2224576844,,817000.0,959975.0
2026-08-11,1.185,1.193,1.16,1.16,2020990514,2376028381,,1320800.0,1532128.0
2026-08-12,1.147,1.148,1.13,1.135,1976308575,2245005848,,1194200.0,1355417.0
2026-08-13,1.12,1.132,1.114,1.115,1882975496,2115904580,,1921700.0,2142696.0
2026-08-14,1.104,1.106,1.093,1.094,1864492207,2048082018,,464600.0,508272.0
